start	end	text
0	10160	You know, usually when we talk about a physical description of reality, there's this expectation of absolute precision, almost like engineering, really.
10360	12380	Right. It's a very binary expectation.
12540	19640	Yeah, exactly. Like you fall off a bike, you break your arm, you go to the hospital, and the x-ray shows that jagged white line on the bone.
20260	25560	And the doctor just points at it and says, you know, there it is. That's the reality of your situation.
25560	29980	It's very clean. It's broken or it's not broken. There's no in-between.
30180	40880	Right. It's clean. And I think fundamentally, it's really comforting for us. I mean, we like things to be visible. We like them to be neatly categorized into little boxes.
40960	41780	We definitely do.
41780	49840	When we think about physics, especially the math we use to describe the universe, we like to think that the math is just, well, a transparent window.
50120	55160	You look through the glass and there is the physics just sitting right there on the lawn exactly as it is.
55160	60060	But, you know, that metaphor completely falls apart the moment you step into the world of quantum mechanics.
60260	60560	Oh, entirely.
60740	69140	Because suddenly that x-ray machine is just broken. We're no longer looking through a clear window. We're looking through, like, a kaleidoscope.
69600	71160	Yeah, that's a great way to put it.
71220	76760	For over a century now, physicists have used complex numbers to calculate how subatomic particles behave.
77120	83380	And by complex numbers, I mean numbers with an imaginary component, you know, the square root of negative one.
83380	88000	And just to be super clear for you listening, this isn't some fringe theory we're talking about today.
88240	88820	No, not at all.
88940	90380	This math works perfectly.
90680	90840	Yeah.
90840	96160	And it literally powers the semiconductors in the phone or the computer you're listening to this deep dive on right now.
96400	97980	It is insanely accurate.
98180	101220	It's arguably the most successful scientific theory we have.
101320	101760	Exactly.
101760	109320	But it leaves us with this massive, almost philosophical foundational question.
109640	111940	Does the universe have to run on complex numbers?
112180	112300	Right.
112660	119780	Like, did reality order the complex number package or did we just wrap it in that box because, well, it made the math easier for us humans?
120020	123860	It is the absolute definition of theoretical muddy waters.
124180	125060	It really is.
125060	131200	Are we discovering the universe's inherent operating system, like written in stone since the Big Bang?
131680	140100	Or are we just inventing a really efficient programming language to describe what we see from our very limited human perspective?
140500	144480	And that right there is our mission for this deep dive.
144620	144760	Yeah.
144960	149580	We are taking you on a journey to the very bedrock of physical reality today.
149840	152940	We're basically going to try and reverse engineer quantum mechanics.
152940	153380	Yes.
153940	162400	I want you to imagine taking apart a beautiful, really intricate mechanical watch, but you're not doing it just to see how the little gears tick.
162500	162700	Right.
162760	167000	You're taking it apart to prove mathematically that it couldn't possibly have been built any other way.
167200	169340	Or, you know, to prove that it actually could.
169580	172320	Which brings us perfectly to the texts we are exploring today.
172680	179200	I was recently reading through this massive stack of research originating from the Flyxion Research Group, published in 2026.
179380	180400	And it's a lot, right?
180400	185420	Oh, it's incredibly dense, but it completely challenged how I view mathematical physics.
185660	193780	I have to say, when you sent these over to me, I was intimidated, to say the least, but also completely hooked once I got into it.
194000	195340	It's a fascinating collection.
195580	199820	First off, there's a companion piece in this stack called the RSVP Codex.
199820	208820	And honestly, it reads less like a physics paper and more like a philosophical manifesto that got, like, hidden inside an abstract algebra textbook.
209540	210980	That is a perfect description of it.
211040	217800	It's basically an index of essays connecting these deep mathematical structures to human concepts.
217800	223100	I mean, I'm talking about chapter titles like commutator ethics and the conservation of care.
223680	226840	It sets this beautifully provocative tone right out of the gate.
227140	231580	It suggests that the mathematical grammar we use isn't just cold, objective calculation.
232120	240520	It implies that our math might actually reflect the specific way human observation and, well, human consciousness interface with reality.
240520	241740	Which is a wild thought.
242400	251620	But the main event for us today, the real heavy lifting of this deep dive, is a rigorous 78-page treatise titled Unistochastic Quantum Mechanics.
251740	253420	And rigorous is really putting it mildly.
253500	254660	It is brutally dense.
255060	259520	But what makes this treatise so gripping, I think, is the author's method.
260520	266400	You know how in a standard college physics class, the professor just writes the Schrodinger equation on the chalkboard
266400	271260	and essentially says, accept this, memorize it, and let's move on.
271320	272620	Just shut up and calculate, yeah?
272620	272920	Exactly.
273220	274440	The shut up and calculate approach.
274880	277700	The author of this text absolutely refuses to do that.
277780	279940	They refuse to just postulate quantum mechanics.
280160	283880	They attempt to build the entire quantum universe from scratch.
283880	289000	And they do it using nothing but basic rules about probability and information loss.
289340	294260	What really stands out to me is the author's strict discipline here.
294260	296860	They maintain what they call an assumption ledger.
297120	298000	Yes, the ledger.
298140	299040	I love this part.
299120	299920	It's so cool.
300240	305040	At the end of every single chapter, there is this brutal, uncompromising audit.
305540	310320	A literal box on the page that states, here is exactly what we have mathematically proven,
310580	313420	and here is exactly what we had to assume to get here.
313700	317060	They don't let you sneak any hidden physics in through the back door.
317560	321260	Every single piece of reality has to be meticulously accounted for.
321620	322700	Okay, let's unpack this.
322700	328700	Because if we're going to build the universe from scratch, we can't start with atoms or
328700	331440	multidimensional space or entanglement.
331560	332980	No, that's way too complex.
333080	335700	We have to start at the absolute, bare bones bottom.
336160	338620	We have to talk about basic states of knowledge.
339180	340980	Essentially, we're talking about coin flips.
341300	341600	Right.
341960	347240	We begin with a geometric concept the text calls the probability simplex.
347380	349000	Okay, that already sounds like heavy jargon.
349400	351200	What exactly is a simplex?
351200	353000	Don't let the name intimidate you.
353160	356680	Think of it as a shape that just represents all possible states of knowledge.
356840	358040	Okay, a shape of knowledge.
358120	358340	Yeah.
358560	363420	Let's say you have a system with a set of distinct, distinguishable outcomes.
363560	367820	It could be the six faces of a die or, you know, different clicks on a Geiger counter.
368000	368200	Okay.
368440	368900	Simple of?
369200	372920	A state of knowledge is just a list of probabilities for those outcomes.
372920	378700	So, if I have a loaded die, my list might say there's a 50% chance of rolling a six and maybe
378700	381160	a 10% chance for each of the other five numbers.
381840	382240	Exactly.
382540	385760	And all those percentages, they have to add up to 100%.
385760	388420	You are 100% sure something is going to happen.
388720	390260	You just don't know exactly what.
390260	391920	That's the fundamental rule of probability.
392100	392260	Right.
392540	396580	So, the probabilities cannot be negative and they must sum to one.
397220	403540	Now, geometrically, if you graph all those possible valid lists of probabilities, they
403540	407340	form a shape and that shape is the probability simplex.
407420	407560	Right.
407560	411520	The sharp corners of this shape represent absolute certainty.
412000	415920	For example, a state where you are 100% sure you will roll a six.
416400	417100	That's a corner.
417420	421900	And then everything inside the volume of the shape, that represents some degree of uncertainty,
422100	422260	right?
422360	423400	Like my loaded die.
424000	424520	Precisely.
424920	430020	Now, if we want to build a physical theory, we need to mathematically describe how that system
430020	430940	changes over time.
431080	435020	So, we use a transition matrix, specifically something called a stochastic map.
435160	436400	Well, let me make sure I'm following this.
436400	442040	A stochastic map, if I have my list of probabilities today, my state of knowledge right now, this
442040	445700	map is just the mathematical rule that tells me what my probabilities will be tomorrow.
446060	447480	That's a perfect way to look at it.
447620	452380	And the defining rule for a stochastic matrix is that its columns have to add up to one.
453000	455280	Because probability can't just appear or disappear.
455580	456020	Exactly.
456620	460300	Probability cannot be created out of thin air and it cannot be magically destroyed.
460760	465640	If you start with a valid state of knowledge, the map guarantees you end up with a valid
465640	466500	state of knowledge.
466600	467100	That makes sense.
467160	468360	It's just strict accounting.
468980	474400	But here is where the author adds the very first physical constraint to our whole universe
474400	475060	building project.
475600	478920	The text introduces by stochastic maps.
479260	479960	By stochastic.
480080	481440	So, the prefix by meaning two.
481680	481940	Right.
482200	486180	Not only do the columns have to sum to one, but the rows have to sum to one as well.
486240	486420	Okay.
486420	487660	I can see the symmetry there.
487740	488720	It's mathematically neat.
489240	490480	But why does that matter physically?
490840	493000	Why do we care about the rows adding up to one?
493220	498840	Because row normalization introduces this vital concept of reversibility and information
498840	499620	preservation.
499980	500420	Reversibility.
500520	500680	Okay.
501240	503420	Let's think about a deterministic map.
503800	507660	A rule that simply relabels outcomes without losing any underlying detail.
508240	512760	The text highlights a foundational piece of math here called the Berkhoff von Neumann theorem.
512760	514380	Oh, that sounds serious.
514540	514980	It is.
515220	517240	But it proves something quite beautiful.
517880	524180	It proves that this entire geometric space of bistochastic maps, a shape known as the Berkhoff
524180	528440	polytope, is completely defined by perfect permutations.
528800	529360	Permutations.
529560	531780	Like shuffling a deck of cards.
531940	532840	Yes, exactly.
533300	535340	Think about what happens when you shuffle a deck.
535800	537260	You aren't destroying any cards.
537360	539740	You aren't cutting two cards in half and gluing them together.
539840	540040	Right.
540100	541800	Just perfectly swapping their positions.
541800	543440	It's entirely reversible.
543660	545740	If I recorded the shuffle, I could just unshuffle it.
546000	546400	Precisely.
546720	551000	The extreme points, the sharpest corners of this Berkhoff polytope shape we're talking
551000	555520	about, are exactly these perfect reversible shuffles.
555580	555820	Okay.
555980	556460	I'm with you.
556660	562280	And any point inside the shape, any bistochastic map at all, can be mathematically expressed
562280	564540	as a mixture of these perfect shuffles.
564780	568320	Let me try an analogy here to see if I'm grasping the physical consequence of this.
568320	572520	It sounds like the difference between mixing paint and just swapping sealed cans of paint.
572640	573580	I like where this is going.
573580	578500	So let's say I have a sealed can of red paint and a sealed can of blue paint on a shelf.
579000	581520	If I swap their places, I haven't lost any information.
581780	582520	That's a permutation.
582780	582860	Right.
583020	584400	I can easily swap them back.
584460	586860	I know exactly where the red is and exactly where the blue is.
586860	593980	But if I open the cans, pour the red paint and the blue paint into a single bucket and stir
593980	596140	them together, I've created purple.
596920	598600	And can you unmix that bucket?
598880	599280	No.
599880	604380	I can never, ever pull the pure red and pure blue back out of that purple bucket.
604760	606300	I've coarse grained the system.
606640	609480	I've permanently lost the original distinct information.
609760	611300	That is a brilliant analogy.
611780	615500	Mixing the paint is what happens when you blend those perfect permutations together.
615500	619760	And this leads directly to a profound physical consequence involving entropy.
620340	620500	Entropy.
620780	621920	The measurement of disorder.
622080	622440	Exactly.
622820	625660	The text leans on a mathematical concept called majorization.
626040	629840	I won't drag us through the dense equations, but essentially, majorization proves that if
629840	635060	you evolve a system using a bistochastic map, if you mix those paint cans, you can never,
635380	637900	ever decrease the Shannon entropy of your knowledge.
638120	638360	Okay.
638520	640420	Let's pause on Shannon entropy for a second.
640420	645180	For someone listening who hasn't taken an information theory class, what does that actually
645180	646960	mean in the context of our paint bucket?
647520	651480	Shannon entropy is essentially a measure of your surprise or your uncertainty.
651820	651960	Okay.
652040	657160	If you know for a fact the can contains pure red paint, your uncertainty is zero.
657440	658960	You aren't surprised when you open it.
659060	660200	The entropy is zero.
660260	660420	Right.
660480	662080	Because I have perfect knowledge.
662080	667780	But if you pour red, blue, and yellow into a bucket and stir, and I ask you to pull out
667780	673180	a single drop and tell me what color the original pigments were, your uncertainty is massive.
673540	673760	Yeah.
673840	674580	I have no idea.
674820	674980	Right.
675060	676380	So the entropy has increased.
676900	682000	The math of majorization proves that under bistochastic evolution, your uncertainty can
682000	683860	only stay the same or go up.
684000	686020	Meaning things can only get more purple.
686020	692120	The universe can never spontaneously unmix the bucket back into perfect red and perfect blue.
692200	692600	Exactly.
692960	695360	And let's consider the broader implications of that.
695540	697120	Notice what the author didn't do here.
697200	697780	What didn't they do?
697940	701060	They didn't import the second law of thermodynamics.
701400	707000	They didn't borrow concepts from like 19th century steam engine physics to force the universe
707000	708240	to behave a certain way.
708360	708740	Oh, why?
708740	714740	They proved that entropy must increase as a purely structural geometric consequence of the
714740	715720	Burkhoff polytope.
716580	719400	The geometry forces the physics to exist.
719760	720900	That is incredibly cool.
721040	726480	We've derived the arrow of time, essentially, just from drawing a shape with rows and columns
726480	727320	that add up to one.
727440	728740	It's elegant, isn't it?
728820	729460	It really is.
729800	731820	But I have to push back here a little bit.
731900	735300	This all sounds like classical high school level probability.
735460	736320	We're shuffling cards.
736420	737120	We're mixing paint.
737200	737440	Sure.
737540	738480	When does it get weird?
739300	742880	The whole premise of this deep dive was about quantum mechanics and complex numbers.
742880	748280	Why can't we just build the universe out of these regular classical real number of probabilities?
748680	750700	The author asks that exact same question.
751160	755920	And to answer it, we have to look at how we lift these bare classical probabilities into
755920	757120	something more fundamental.
757520	757800	Lift them.
757960	758320	How do you mean?
758840	762200	Well, in quantum mechanics, probabilities don't just exist on their own.
762460	764820	They are the squares of underlying amplitudes.
765180	766220	Ah, amplitudes.
766220	766780	Right.
767200	772360	The text defines a transition matrix built out of these amplitudes as a unistochastic
772360	775240	matrix, which is basically built from a unitary matrix.
775640	780340	And unitary matrices are where complex numbers, the imaginary eye, where they live.
780420	780600	Okay.
780700	785480	So a unistochastic matrix relies on the complex math we currently use in standard physics.
785700	786020	Yes.
786660	790820	The alternative, if we want to completely banish imaginary numbers and just use real numbers,
790820	793220	is to build an orthostochastic matrix.
793620	794180	Orthostochastic.
794180	796840	Which is built purely out of real numbers, real amplitudes.
797160	801480	So the entire fate of the universe basically boils down to this one question.
802040	807080	Can every single unistochastic matrix be flawlessly reproduced by an orthostochastic one?
807240	810940	Meaning, can real numbers do absolutely everything complex numbers can do?
811200	811720	Exactly.
812120	815820	Well, based on the fact that we use complex numbers to run our computers, I'm going to
815820	817320	guess the answer is a hard no.
817320	822540	It's actually a bit of a mathematical trap, because if your system only has two possible
822540	826100	outcomes, what physicists call n equals two, the answer is yes.
826220	826860	Wait, really?
826920	827140	Yeah.
827400	830480	At n equals two, the math shows a perfect degeneracy.
830960	832740	Real numbers work flawlessly.
833240	834660	So just a simple coin flip.
835280	835900	Heads or tails?
836140	836400	Right.
836680	842340	If you observe a single two-outcome system, a single coin flip, you cannot tell whether the
842340	845720	underlying reality is running on real numbers or complex numbers.
845720	848400	The math overlaps perfectly.
848700	849040	Oh, wow.
849160	855140	So if the universe only consisted of simple yes or no binary particles, real numbers would
855140	856120	be totally sufficient.
856260	857920	We wouldn't need imaginary math at all.
858040	858520	That's right.
859060	864500	But the moment you add a third outcome at n equals three, like a three-sided die or a
864500	867600	particle that can spin up, down, or sideways, everything breaks.
867700	868640	Everything breaks at three.
868720	869340	How does it break?
869460	870000	Walk me through it.
870120	873180	The author provides a devastatingly simple counterexample.
873180	877260	It's called the discrete Fourier transform matrix, or DFT.
877620	878680	Okay, a Fourier transform.
878820	880320	I know that's used in audio engineering, right?
880400	882840	Like to break down sound waves into different frequencies.
883000	883140	Yes.
883220	886360	It's a very standard, highly symmetric mathematical operation.
886720	890780	And in quantum mechanics, a three-by-three DFT matrix is used all the time.
891140	893580	The probabilities it generates are totally uniform.
893740	894600	They're perfectly flat.
895080	900600	But if you try to build that exact same uniform probability transition using only real numbers,
900780	902720	using an orthostochastic matrix.
902920	903020	Yeah.
903180	907840	The math demands that you find a three-by-three matrix made entirely of positive and negative
907840	911040	ones, whose rows are all perfectly perpendicular to each other.
911140	912380	Wait, I'm trying to visualize this.
912660	913780	A three-by-three grid.
914460	915660	Nine boxes total.
916040	919920	And the only numbers I'm allowed to put in those boxes are a positive one or a negative
919920	920220	one.
920300	920580	Yes.
920580	926500	And every row must be mathematically orthogonal, meaning perpendicular, to every other row.
926640	927040	Exactly.
927040	931400	This specific structure is known in mathematics as a Hadamard matrix.
931400	932820	And here is the punchline.
932820	936680	A three-by-three real Hadamard matrix simply does not exist.
937180	938840	It is a mathematical impossibility.
939160	939440	Period.
939440	944320	Like, we know for a fact it doesn't exist, or we just haven't found a clever way to arrange
944320	945620	the ones and negative ones yet.
945680	945960	Period.
946140	947140	It's a finite problem.
947260	953520	You can literally program a computer to exhaustively check all 512 possible combinations of plus and
953520	955440	minus ones in a three-by-three grid.
955520	956300	And none of them work.
956540	957380	None of them work.
957380	961520	They simply cannot satisfy the structural requirement to be perpendicular.
962320	966680	So, just to be absolutely clear on what we're proving here for the listener, for a three-outcome
966680	972800	system, there is a specific, perfectly valid, uniform set of quantum transition probabilities.
973040	973400	Yes.
973720	978980	But if you restrict the universe to only using real numbers, you simply do not have the geometric
978980	981200	parts you need to build that transition.
981420	982840	That's a great way to summarize it.
982840	987020	It's like trying to build an equilateral triangle using two straight lines in a circle.
987380	988940	You just, you don't have the materials.
989280	991020	The real numbers fail the test.
991740	997520	Complex amplitudes become structurally necessary to realize this specific uniform matrix.
997680	1001860	Okay, so real numbers fail on a single isolated matrix when we hit three outcomes.
1002740	1004520	But that feels like a local glitch, right?
1004540	1006280	Like a specific bug in the math.
1006380	1007700	It does feel localized, yes.
1007840	1010540	But we don't live in a universe of isolated single measurements.
1011040	1014000	What happens when we try to stitch multiple measurements together?
1014000	1018360	Well, if I understand the text correctly, this brings us to a whole new level of the deep
1018360	1020140	dive, the cycle obstruction.
1020500	1021600	The cycle obstruction.
1022440	1023440	That sounds ominous.
1023840	1028580	This is where we move from a single snapshot to a sequence, a network of measurements.
1029380	1032980	Let's explore what the text calls the composition obstruction.
1033400	1033660	Okay.
1033800	1039240	When you compose classical probabilities, when you chain our paint-mixing stochastic maps together,
1039460	1041480	you inevitably lose information.
1041700	1042540	We talked about that.
1042540	1043580	Right, it gets more purple.
1043900	1047240	But in quantum mechanics, we don't chain probabilities.
1047640	1048700	We chain amplitudes.
1049020	1050920	And amplitudes have cross terms.
1051300	1052480	They allow for interference.
1052780	1053580	Ah, interference.
1054140	1056200	The classic quantum weirdness.
1056700	1060280	For anyone who has seen that famous double-slit experiment video on YouTube,
1061040	1065820	this is where the waves of probability ripple out and either cancel each other out,
1066140	1070240	leaving a dark spot, or they amplify each other, leaving a bright spot on the wall.
1070320	1071440	That's the exact one.
1071440	1076660	If you compose things blindly at the classical probability level, you discard those interference
1076660	1077400	cross terms.
1077920	1082480	The text formally proves that probability level composition is not a homomorphism.
1082600	1083860	Let's translate homomorphism.
1083860	1087420	It just means it doesn't preserve the structural integrity of the transitions.
1087900	1092340	It's a lossy compression, like saving an image as a low-quality JPEG.
1092420	1093260	Okay, I get that.
1093480	1098620	To keep the structure intact, to allow for that double-slit interference, you have to retain
1098620	1099280	the amplitudes.
1099640	1104740	You need a coherent mathematical lift from probability back up to amplitude.
1104740	1108220	But wait, earlier you said that real numbers can have amplitudes.
1108380	1112000	They can be causative or negative, which means a positive one and a negative one can cancel
1112000	1112540	each other out.
1112920	1113960	That is interference.
1114360	1114880	It is.
1114940	1118960	So does this composition obstruction actually rule out real numbers?
1119160	1119420	Yeah.
1119600	1120920	Because they can do interference.
1121080	1122460	That is a vital clarification.
1122460	1128160	And the Assumption Ledger points it out explicitly, real numbers can handle interference perfectly
1128160	1128560	well.
1128720	1128940	Okay.
1129160	1134600	To truly break real numbers at the network level, we need something more complex than
1134600	1136460	just a linear sequence of measurements.
1136820	1138340	We need a closed loop.
1138540	1141120	We need to introduce context graphs.
1141560	1142100	Context graphs.
1142420	1144500	Okay, let's try to paint a mental picture for the listener.
1145280	1149500	Imagine a graph like a web of dots connected by lines on a whiteboard.
1149640	1150960	A standard network graph, yeah.
1150960	1154880	In this case, every dot, every vertex is a measurement context.
1155080	1155640	Let's define that.
1156140	1160340	A measurement context is essentially a specific setup of your laboratory apparatus.
1160700	1163440	It's a specific question you are asking the universe.
1163680	1164240	Precisely.
1164500	1168920	And the lines connecting the dots are the transitions between those setups.
1168940	1169140	Right.
1169400	1169620	Okay.
1169860	1172080	Now, imagine your graph has no loops.
1172400	1173600	It's just a branching tree.
1174000	1179980	You start at one dot and you can follow lines outwards to other dots, but no path ever circles
1179980	1180820	back on itself.
1180960	1181860	Like a family tree.
1182040	1182360	Right.
1182700	1185600	If your graph is a tree, there are no independent constraints.
1185800	1192680	You can always assign a perfectly consistent set of real number frames to every single
1192680	1193860	measurement context.
1194100	1196060	Because you never have to reconcile with where you started.
1196320	1196800	Exactly.
1197040	1201420	You just pick a starting point, assign it a real number frame, and walk along the branches
1201420	1202900	updating your math as you go.
1202980	1205940	Because there are no loops, you never contradict yourself.
1206060	1208180	Because you never run into your own past.
1208180	1210180	You're always moving into new territory.
1210640	1213360	But a cycle changes the rules of the game completely.
1213960	1219280	A cycle means you can start at context A, transition to context B, transition to context
1219280	1221920	C, and then transition back to context A.
1222060	1222860	A closed loop.
1222860	1226280	And when you arrive back at A, the math is entirely unforgiving.
1226440	1227760	You must have cycle consistency.
1227920	1229460	You must be exactly where you started.
1229940	1231140	It sounds like a Penrose staircase.
1231840	1238260	Or one of those mind-bending M.C. Escher drawings of the monks walking up the stairs in
1238260	1238640	a square.
1238900	1240260	That is the perfect analogy.
1240260	1245100	If you just look at one individual step in the drawing, or one straight edge of a triangle,
1245420	1246920	it looks totally flat and normal.
1247080	1248540	It obeys all the rules of perspective.
1248960	1254840	But when your eye follows the steps all the way around and completes the loop, your brain
1254840	1255240	breaks.
1255380	1258320	Because you find yourself somehow walking upside down on the ceiling.
1258780	1262660	The Escher staircase is a mathematically exact analogy for what happens here.
1263040	1265900	The text proves something called the triangle gluing theorem.
1266040	1267540	The triangle gluing theorem.
1267540	1268600	Okay, break that down.
1268800	1271280	Let's look at two-dimensional system, D equals 2.
1271720	1274680	Remember how D equals 2 was perfectly safe for single matrices?
1275040	1276880	We couldn't tell real from complex.
1277400	1277660	Right.
1277780	1278660	The coin flip was safe.
1278760	1280460	We said real numbers were fine for that.
1280720	1285200	Well, let's arrange three D equals 2 measurement contexts into a triangle loop.
1285740	1291000	Specifically, we use three mutually unbiased bases, or MUBs.
1291060	1292380	Mutually unbiased bases.
1292500	1293280	I've heard this term.
1293440	1296080	This is tied to Heisenberg's uncertainty principle, right?
1296100	1296660	It is, yeah.
1296660	1303680	Meaning, if you are absolutely certain about your particle's state in context A, say, you
1303680	1309560	know its exact position, you are maximally uncertain about its state in context B, which
1309560	1310600	might be its momentum.
1310920	1311200	Right.
1311300	1313280	The two contexts are mutually unbiased.
1313340	1313460	Right.
1313460	1314700	They don't share any certainty.
1314900	1315360	Exactly.
1315980	1319560	And in a two-dimensional system, you can have three of these contexts.
1319860	1323800	Think of measuring a particle's spin along the x, y, and z axes.
1323980	1324840	Okay, x, y, and z.
1324840	1328440	If you form a triangle out of these three contexts, the real numbers shatter.
1328660	1328880	Why?
1329200	1331140	Why do they shatter if the individual parts are fine?
1331280	1335180	Because each edge of the triangle works perfectly fine in real numbers on its own.
1335580	1337740	It's what the author calls edgewise admissible.
1338020	1340540	Just like looking at one step on the Escher staircase.
1340940	1341460	Exactly.
1341460	1347660	But if you try to globally glue all three edges together to complete the triangle, the real
1347660	1350040	number math spits out a contradiction.
1350480	1351380	What kind of contradiction?
1351880	1356860	It essentially demands that a geometric angle equals itself plus a 90-degree twist.
1357400	1358800	It's a literal paradox.
1359340	1362880	The real numbers cannot glue the triangle together without snapping.
1363140	1365800	So the Escher staircase actually breaks the universe.
1366360	1369720	If reality runs on real numbers, you can't walk the triangle.
1369720	1370320	You cannot.
1370880	1375340	And the author goes a step further to provide a sharp density result at the end of this chapter.
1375440	1376720	What's a sharp density result?
1376840	1383120	Well, you might be listening to this and thinking, okay, so this one, very specific, highly symmetric
1383120	1385180	MUB triangle fails.
1385360	1386380	But that's a special case.
1386720	1389180	Surely most random triangles you could draw are fine.
1389280	1390660	Yeah, that's exactly what I was thinking.
1390760	1396020	What if I just arbitrarily pick three random contexts that aren't perfectly mutually unbiased?
1396500	1398320	What if the triangle is just a little lopsided?
1398320	1401060	The author proves that this failure isn't a rare exception.
1401540	1403100	It is the inescapable rule.
1403500	1410440	The moment a graph has even one single cycle, even one loop, no matter how lopsided, the
1410440	1416020	probability of finding a globally valid real number realization drops to exactly zero.
1416360	1417500	Wait, zero?
1417900	1419380	Like literally zero probability?
1419580	1420180	Exactly zero.
1420300	1422340	It is perfectly exactly zero.
1422500	1424880	In mathematics, we call it a measure zero set.
1425000	1426020	So it's not just unlikely.
1426020	1428260	No, it's not an asymptotic threshold.
1428420	1431880	It's not that it just gets progressively harder to find real numbers as you add more
1431880	1432180	edges.
1432740	1436920	The continuous measure of valid real number solutions collapses entirely.
1437120	1438020	Give me a visual for that.
1438320	1439320	Think of a dartboard.
1439700	1442980	Every point on the dartboard represents a complex number solution.
1443220	1443480	Okay.
1443720	1448840	The valid real number solutions are represented by a single, infinitely thin line drawn across
1448840	1449300	the board.
1449780	1454880	If you throw a dart blindly, what is the probability you hit a line with zero width?
1454880	1455560	It's zero.
1455800	1457440	You will always, always miss.
1458060	1460080	Realizability is not the rule for real numbers.
1460220	1461560	It is a measure zero exception.
1462120	1465460	The geometry fundamentally resists real numbers once you close a loop.
1465640	1465860	Okay.
1465960	1469840	My mind is slightly melting right now, but in the best way possible.
1470080	1475240	So single systems can't form closed loops in real numbers because the geometry literally
1475240	1476120	contradicts itself.
1476220	1477100	The stairs don't connect.
1477220	1477360	Right.
1477600	1480860	But what happens if we look at two distinct systems interacting with each other?
1481560	1483620	We've talked about a single particle moving through a network.
1483620	1484980	What about a network of particles?
1485240	1490500	Ah, this brings us to a huge pillar of the text, system composition.
1490900	1491780	System composition.
1491940	1495160	This is where the physics gets incredibly tangible.
1495840	1501140	We are testing the scalar fields, meaning testing real numbers versus complex numbers,
1501460	1503980	against the concept of operational independence.
1504220	1505220	Operational independence.
1505220	1509520	If I have a quantum system sitting on a desk here in my lab, and you have a system sitting
1509520	1514520	on a desk in your lab, and we bring them together, how does the math handle that combination?
1515380	1519480	To test this, the text relies on an assumption called local tomography.
1520040	1521320	I need you to translate that for me.
1521680	1525080	What does local tomography mean in plain, everyday English?
1525080	1531540	Local tomography is the assumption that a joint state, the combined ultimate reality of both
1531540	1537960	our systems together, is exactly as informative as a complete set of local measurements on
1537960	1538960	each subsystem.
1538960	1540180	Okay, let me think through that.
1540540	1545680	Meaning, if I measure absolutely everything possible of my system on my desk, and you
1545680	1549320	measure absolutely everything possible about your system on your desk, and then we call
1549320	1555500	each other and compare our notes, we should completely, 100% understand the combined system.
1555660	1556140	Exactly.
1556140	1561720	There shouldn't be any spooky, hidden variables or secret data that we can only see if we
1561720	1566280	plug both systems into a giant, room-sized machine simultaneously.
1566520	1566720	Right.
1566900	1570460	The whole is exactly equal to the sum of its locally measurable parts.
1570580	1571420	You've got it perfectly.
1571560	1573160	It's a deeply intuitive assumption.
1573440	1575200	We expect the universe to behave this way.
1575320	1575540	Right.
1575840	1580780	To test if our math obeys this assumption, the author uses a dimension counting argument,
1581320	1583900	originally developed by physicists Araki and Hardy.
1584260	1584960	Dimension counting.
1584960	1585940	That sounds straightforward.
1586140	1587800	The premise is incredibly simple.
1588200	1592620	We literally just count the number of parameters, the mathematical dials, or degrees of freedom
1592620	1594580	required to describe the systems.
1594960	1596040	Okay, I want to do this math.
1596100	1597220	I want to walk through this slowly.
1597440	1597600	Yeah.
1597820	1599860	Let's say we have two standard quantum systems.
1600540	1605280	For complex numbers, the math we currently use to build our semiconductors, how does the
1605280	1606640	dimension counting work out?
1607080	1610220	Let's start with a standard two-level system, a single quibit.
1610440	1616100	To mathematically describe a quibit in complex numbers, you use a 2x2 Hermitian matrix.
1616140	1617640	Wait, Hermitian matrix?
1617840	1619680	Let's define that so we don't lose anyone.
1619880	1624740	A Hermitian matrix is a specific grid of numbers where the diagonal values are purely
1624740	1629120	real numbers and the numbers across the diagonal are complex mirrors of each other.
1629300	1629620	Okay.
1629620	1634940	In physics, we require observables to be Hermitian because it guarantees that when you measure
1634940	1638000	the system, the answer, the eigenvalue, is a real number.
1638000	1643900	Because if you measure the weight of a particle, you want the scale to say 3 grams, not 3 plus
1643900	1644700	2 igrams.
1645100	1646780	You want a real physical answer.
1647100	1647500	Exactly.
1647660	1653680	So to write out this 2x2 complex Hermitian matrix for a single quibit, how many separate
1653680	1656480	dials or real parameters do I need to adjust?
1656780	1657220	I don't know.
1657260	1657680	You tell me.
1657740	1660780	You need exactly four real parameters to fully define it.
1660820	1662180	Okay, four parameters for my quibit.
1662260	1664940	You have a quibit on your desk, so that's four parameters for your quibit.
1664940	1665260	Right.
1665780	1671100	Now, if we combine them into a two-quibit joint system, the combined system operates
1671100	1673220	in a larger four-dimensional space.
1673360	1673560	Okay.
1673780	1679100	A 4x4 complex Hermitian matrix requires exactly 16 real parameters.
1679240	1680000	Let me check the notes here.
1680120	1681280	Four parameters for my desk.
1681540	1682560	Four parameters from your desk.
1682660	1683720	Four times four is 16.
1684380	1688620	So our local notes give us 16 dials, and the joint reality requires 16 dials.
1688660	1690140	The dimensions match perfectly.
1690800	1693980	Complex numbers pass the local tomography test flawlessly.
1693980	1698380	The joint system contains exactly the amount of information you'd expect from combining
1698380	1699540	the two local systems.
1699780	1701060	No more, no less.
1701240	1701400	Okay.
1701960	1702640	The math works.
1702740	1703140	It's safe.
1703980	1708240	But this deep dive is about what happens if we force the universe to run on real numbers.
1708620	1709980	Let's do the count for real numbers.
1710240	1716640	If we restrict ourselves to real numbers, a two-level system is described by a 2x2 real
1716640	1717620	symmetric matrix.
1718140	1723020	Because we've removed the complex numbers, this matrix only requires three parameters to fully
1723020	1723440	describe.
1723440	1725400	Okay, three for me, three for you.
1725880	1730080	If I use the same multiplication rule, three times three is nine.
1730300	1733180	So our combined local notes give us nine parameters of information.
1733420	1734580	Now let's look at the joint space.
1734800	1741080	A 4x4 real symmetric matrix, which describes the combined joint reality of the two real quibits,
1741380	1742580	requires ten parameters.
1742780	1743320	Wait, hang on.
1743400	1743620	Ten.
1744000	1746300	But our local notes only multiplied out to nine.
1746360	1746640	Yes.
1746640	1751520	We have nine parameters of data on our notepads, but the actual joint reality sitting in front
1751520	1754460	of us requires ten dials to fully describe it.
1755160	1756160	We are missing a dial.
1756260	1758160	We are missing an entire dimension of reality.
1758380	1761900	For real numbers, the composite system has more dimensions than the local parts can account
1761900	1762160	for.
1762160	1767060	There is a tenth parameter that is completely fundamentally invisible to any local measurement
1767060	1768320	you or I could ever perform.
1768320	1770060	That is deeply unsettling.
1770460	1771580	What if we go the other direction?
1771900	1773240	What if we use quaternions?
1773600	1775580	Those are the 4D hypercomplex numbers, right?
1775960	1776320	Yes.
1776620	1778720	Quaternions add more imaginary axes.
1779520	1783700	But if you do the dimension counting for quaternions, the local dimensions overcount.
1783840	1784220	Oh, really?
1784420	1788000	The composite system actually has fewer dimensions than the local parts suggest.
1788400	1789500	It's overdetermined.
1789620	1793380	You end up with phantom data that doesn't correspond to the joint reality.
1793640	1797780	So complex numbers are like the unique Goldilocks field where the dimensions match exactly.
1797900	1798380	Exactly.
1798520	1799120	Not too many.
1799320	1799920	Not too few.
1800360	1805640	So going back to the real numbers, we have this missing invisible tenth dimension.
1805920	1807160	What hides inside it?
1807320	1809640	What is that missing parameter actually made of?
1810060	1811580	The author isolates it precisely.
1811580	1814680	It's a mathematical structure they denote as J tensor J.
1815060	1817780	That's a J, a circle with a cross in it, and another J.
1818080	1819640	Let's break down J tensor J.
1819820	1820900	What is the J part first?
1821260	1823180	J is an anti-symmetric real matrix.
1823740	1825780	Geometrically, it's very simple to visualize.
1826440	1831120	It represents a perfect quarter turn, a 90 degree rotation in a 2D plane.
1831320	1831620	Okay.
1831920	1836040	Crucially, it is the real number matrix that behaves exactly like the imaginary number I.
1836260	1840580	Right, because if you take a vector pointing north and you rotate it 90 degrees,
1840580	1842100	that's 1 J, it points west.
1842220	1842300	Yeah.
1842380	1845840	If you rotate it 90 degrees again, a second J, it points south.
1846100	1846340	Right.
1846520	1850320	It's pointing in the exact negative opposite direction of where it started.
1850460	1853760	So J squared equals negative 1, just like I squared equals negative 1.
1853880	1854320	Exactly.
1854540	1855680	But why is it invisible?
1855960	1858220	Why couldn't we see it in our parameter counting?
1858400	1858620	Yeah.
1858820	1859600	Why couldn't we see it?
1859600	1861240	Because J is anti-symmetric.
1862080	1868400	In real number quant mechanics, local observables, the actual physical dials you can turn in
1868400	1871120	your lab, must be symmetric matrices.
1871480	1871720	Okay.
1872040	1875820	Anti-symmetric matrices do not correspond to valid local measurements.
1876040	1879440	You can never observe J in your lab, and I can never observe J in mine.
1879440	1884060	But when you use the tensor product to combine them, when you do J tensor J.
1884880	1889840	The rules of matrix algebra dictate that the tensor product of two anti-symmetric matrices
1889840	1892160	results in a symmetric matrix.
1892300	1894540	J tensor J is perfectly symmetric.
1895260	1900620	Therefore, it is a completely valid physical observable measurement on the joint system.
1901060	1906880	But because its constituent parts are locally impossible to observe, you can never construct
1906880	1907980	it from your local notes.
1908140	1909440	I'm trying to picture this physically.
1909600	1915000	It's like, imagine a massive bank vault that requires two physical keys to be turned at
1915000	1916480	the exact same millisecond.
1916540	1916720	Okay.
1916800	1917400	I like this.
1917820	1923740	But the weird part is, neither you nor I can even see our own keyholes when we are standing
1923740	1924760	in our separate labs.
1925180	1927220	The keyholes literally don't exist locally.
1927260	1927580	Right.
1927580	1931940	They only pop into physical existence when we bring the two vaults together into a single
1931940	1934220	room and look at them as a unified whole.
1934460	1936060	That is a fantastic visualization.
1936060	1937960	The keyholes only exist globally.
1938140	1940860	And this isn't just an abstract mathematical quirk either.
1941400	1946160	The text proves that this invisible parameter, which we can call C, represents a whole family
1946160	1947100	of physical states.
1947560	1951760	The parameter C can slide on a scale anywhere between Megas 1 and 1.
1951960	1952540	Meaning what?
1952760	1959100	Meaning there is an entire continuous spectrum of physical realities, an entire interval of
1959100	1966320	valid joint states that are completely 100% indistinguishable from each other to any local observer.
1966640	1966760	Wow.
1967460	1970160	Which brings us perfectly to the concept of entanglement.
1970520	1975660	Because this invisible parameter C fundamentally redefines what we mean by that word.
1975780	1976560	It absolutely does.
1976560	1982300	And to understand the illusion of entanglement here, we have to explore a mathematical tool
1982300	1983660	called the partial trace.
1983860	1984520	The partial trace.
1985000	1986260	It sounds like an auditing term.
1986520	1987620	How does it work physically?
1987960	1991260	Think of it as the mathematical operation of ignoring a subsystem.
1991480	1992980	It's how we calculate shadows.
1993180	1993900	Calculating shadows.
1993900	1999060	Suppose you and I share a joint quantum state, but you take your half to Mars, and I keep
1999060	1999940	my half on Earth.
2000340	2000680	Okay.
2000840	2004680	If I want to calculate what I will see in my lab on Earth, I can't measure your system.
2004940	2009460	I have to mathematically trace out or average over all the possibilities of your half of
2009460	2009880	the system.
2009980	2011020	I marginalize it.
2011060	2014140	Imagine two synchronized dancers in a pitch black room.
2014820	2020320	If I only have one spotlight and I shine it entirely on dancer A, I am essentially applying
2020320	2022120	a partial trace to dancer B.
2022120	2028200	I'm ignoring dancer B's specific movements and just looking at the chaotic, seeming shadow
2028200	2031440	dancer A is casting based on their unseen interaction.
2031560	2032100	Exactly.
2032260	2033120	That is a great analogy.
2033680	2039140	When you apply this partial trace operation to our invisible J tensor J direction, the math
2039140	2040900	is totally unambiguous.
2041100	2043560	The partial trace completely annihilates it.
2043780	2044220	Annihilates it.
2044240	2047640	If you trace out my system, the J tensor J term drops to zero.
2048200	2050260	If I trace out your system, it drops to zero.
2050260	2055420	From either local perspective, this joint state looks entirely devoid of structure.
2055580	2056620	It looks like pure static.
2056740	2058180	It looks maximally mixed.
2058340	2058500	Okay.
2058600	2064580	So the state has this deeply hidden structure globally, the two keyholes, but locally it
2064580	2066000	just looks like random static.
2066140	2066360	Yeah.
2066440	2068660	That sounds exactly like the definition of entanglement.
2068780	2071680	And this is where the author delivers an absolute knockout punch.
2071900	2073500	This is the crux of the entire text.
2073640	2075540	Is this state actually entangled?
2075540	2077420	Well, is it?
2077640	2082500	If the universe runs on real quantum mechanics, if we are confined to real numbers, the answer
2082500	2084140	is unambiguously yes.
2084640	2090400	For any value of co other than zero, that state cannot be factored into independent local
2090400	2091260	product states.
2091560	2094580	It is mathematically, provably entangled.
2094960	2095160	Okay.
2095200	2098160	But what if the universe runs on complex numbers?
2098160	2103260	Under standard complex numbers, that exact same family of states, that identical physical
2103260	2106680	matrix sitting on the table, is completely separable.
2106960	2108200	It is not entangled at all.
2108320	2108520	Wait.
2108960	2109300	Stop.
2109440	2111120	Let me make sure I'm hearing you correctly here.
2111180	2111460	Go ahead.
2111660	2117620	You're saying that entanglement, the spooky action at a distance that famously drove Albert
2117620	2123120	Einstein crazy, the thing we considered the defining feature of the quantum realm, isn't
2123120	2125660	actually a property of the physical system itself.
2125780	2126040	Right.
2126040	2129140	It's a property of the math we are using to look at the system.
2129340	2132580	You are grasping the exact magnitude of what this text proves.
2133060	2137100	Entanglement is not an intrinsic, unchangeable property of a physical matrix.
2137300	2138200	It is just, wow.
2138440	2139380	It is field relative.
2139720	2143440	It is entirely relative to the scalar field, real or complex, doing the composing.
2143720	2148680	Because if you switch to complex numbers, that invisible J tensor J witness is no longer
2148680	2151740	built out of locally impossible antisymmetric matrices.
2152060	2152260	Right.
2152320	2154320	Because complex numbers handle that inherently.
2154520	2155020	Exactly.
2155020	2161460	In complex numbers, it is just negative one times the normal product of complex polymatrices.
2161820	2165100	It's totally observable using complex local bases.
2165560	2172460	What requires spooky entanglement in real numbers is just a mundane classical correlation in complex
2172460	2172880	numbers.
2173080	2174140	That is mind-blowing.
2174140	2175520	I need to put this into an analogy.
2176200	2179480	Imagine two people sitting in a room sharing a secret language.
2179640	2179840	Right.
2180040	2184700	Let's say they are perfectly fluent in Navajo and they are discussing a complex engineering
2184700	2185160	project.
2185260	2185480	Okay.
2185560	2186000	I'm tracking.
2186200	2189080	Now, imagine an English-only speaker is watching them.
2189480	2192220	The English speaker represents real numbers.
2192680	2196500	To the English speaker, these two people seem telepathically linked.
2196580	2196760	Right.
2196800	2198220	Because they can't understand the medium.
2198220	2198740	Exactly.
2199160	2203440	They are coordinating these incredibly complex actions, handing each other tools, anticipating
2203440	2207060	moves, without saying a single word the English speaker can comprehend.
2207780	2210080	To the English speaker, they are entangled.
2210420	2211120	It's spooky action.
2211700	2214700	But what happens when a bilingual speaker walks into the room?
2214960	2217480	The bilingual speaker represents complex numbers.
2217480	2222340	They walk in, they listen for two seconds, and the illusion completely shatters.
2222520	2223340	It all becomes clear.
2223520	2226840	The bilingual speaker realizes, oh, they aren't telepathic.
2226980	2228180	They aren't magically entangled.
2228460	2231180	They are just reading from the exact same translated script.
2231320	2233720	They're just speaking a language with a richer vocabulary.
2234020	2234340	Yes.
2234620	2239420	The entanglement is an illusion caused entirely by the English speaker's limited grammar.
2239760	2242400	It's totally separable once you have the right vocabulary.
2242400	2247120	It forces us to take a massive step back and question absolutely everything.
2247480	2252640	How much of quantum weirdness is a profound, inescapable truth about reality?
2253000	2257520	And how much of it is just a shadow cast by our choice of mathematical notation?
2257920	2259900	Which brings us to the assumption audit.
2260400	2265600	Because if quantum mechanics is so heavily dependent on the mathematical grammar we choose
2265600	2270840	to use, what do we actually have to assume to build the standard, complex quantum theory
2270840	2271640	we use today?
2271640	2278260	After 78 pages of uncompromising dense derivation, the author tallies up the final bill.
2278900	2285180	Out of all the possible ways to build a universe, the author identifies exactly four independent
2285180	2288700	physical assumptions used to recover standard quantum mechanics.
2288840	2289140	Four.
2289460	2292260	Just four pillars holding up the entire sky.
2292380	2292920	Only four.
2293020	2294540	Let's walk through them one by one.
2294820	2295300	Number one.
2295820	2296960	Local tomography.
2296960	2302440	The assumption we just spent all that time discussing, the idea that joint states are
2302440	2304540	fully described by local measurements.
2304680	2304900	Right.
2305100	2307100	Remember, the author didn't derive this as a given.
2307520	2312100	They assumed it, tested it, and found that complex numbers pass the test perfectly.
2312240	2312400	Right.
2312500	2315040	The 16 equals 16 dimension match we did earlier.
2315200	2315940	That's pillar one.
2316040	2316760	What is number two?
2316940	2317280	Two.
2317900	2320040	Pure states are frame-completable vectors.
2320280	2321220	Frame-completable vectors.
2321300	2322700	Let's translate that for everyone.
2322700	2327420	In simple terms, it means that if you have a state of absolute certainty, a pure state,
2327540	2331960	where you know exactly what the system is doing, you can mathematically treat that state
2331960	2334880	as just one column in a larger transition matrix.
2334980	2336620	You can complete the frame around it.
2336980	2337420	Exactly.
2337780	2340600	You complete the frame to map out all the other possibilities.
2340800	2342860	And what does assuming that actually buy us?
2343000	2343940	It buys us everything.
2344520	2349000	By making this one geometric assumption, the author instantly derives the Born Rule.
2349000	2354920	The Born Rule is the fundamental law that tells us how to calculate the probability of a quantum event happening.
2355060	2355280	Right.
2355560	2356720	You square the amplitude.
2357100	2357480	Exactly.
2357960	2361400	In most textbooks, the Born Rule is just handed to you as a postulate.
2361800	2363000	This is how probability works.
2363180	2363860	Don't ask why.
2364040	2364820	Just accept it.
2364920	2365100	Right.
2365580	2373280	But here, the Born Rule emerges organically just from assuming that pure states can be placed inside a complete mathematical frame.
2373440	2374500	That's incredibly elegant.
2375160	2375360	Okay.
2375560	2376340	Pillar number three.
2376340	2376900	Three.
2376900	2380540	Measurement outcomes are labeled by real numbers.
2381000	2381020	Okay.
2381100	2382280	That feels incredibly obvious.
2382760	2386440	If I measure the weight of a quantum particle, my digital scale gives me a real number.
2386560	2387760	It says 5.2.
2387980	2389600	It doesn't give me an imaginary number.
2389720	2394960	It seems obvious to our human experience, but mathematically, this is a profound choice.
2395220	2395600	How so?
2395800	2401600	This specific assumption is what forces quantum observables to be described by Hermitian matrices.
2401600	2410120	It forces the math to ensure that the eigenvalues, the actual readings on your digital scale, are strictly real numbers.
2410520	2410880	Ah.
2411120	2411220	Okay.
2411220	2414620	It's a choice about how we label the reality we interact with.
2414740	2416660	And finally, pillar number four.
2417060	2417380	Four.
2417960	2421740	Time evolution is a strongly continuous unitary group.
2421740	2424100	Let me focus on the word continuous there.
2424780	2426180	Time flows smoothly.
2427100	2432240	The universe doesn't tick forward in discrete, chunky frames like a 60 frames per second video game.
2432360	2432620	Yes.
2432900	2434440	Time is smooth and reversible.
2434900	2441280	And from that assumption of smooth, continuous evolution, the author derives the Schrodinger equation.
2441440	2442000	Just from that.
2442000	2445840	And they do it just from a simple, finite-dimensional, ordinary differential equation.
2445940	2450760	They don't even need the heavy, infinite-dimensional math usually required in textbooks, like Stone's theorem.
2451000	2451700	I have to pause here.
2451900	2452540	That's really it.
2452560	2453300	Just four rules.
2453420	2453760	That's it.
2453980	2455300	You assume local tomography.
2455940	2458280	You assume states can be completed into frames.
2458580	2460460	You use real numbers for your dials.
2460780	2462460	And you assume time flows smoothly.
2463020	2468820	And from those four seeds, you grow the entire massive, complex tree of quantum mechanics.
2468900	2469320	You do.
2469480	2470480	It scales perfectly.
2470480	2480300	Even highly complex fuzzy measurements, known in physics as POVMs or positive operator-valued measures, emerge naturally.
2480500	2482060	How do fuzzy measurements fit in?
2482260	2485520	The text uses a mathematical trick called the Neumark dilation.
2485640	2487280	What does a Neumark dilation do?
2487540	2492620	Imagine you are trying to measure a quantum system, but your ruler is blurry.
2492960	2494480	It's a fuzzy, generalized measurement.
2495240	2496420	Okay, I've got a blurry ruler.
2496420	2503500	The Neumark dilation proves that any fuzzy measurement is actually just a perfectly sharp, clean measurement happening on a larger system.
2503620	2504420	Oh, that's wild.
2504560	2509620	You just couple your little system to a larger environment, evolve them smoothly together, and then measure the whole thing sharply.
2509920	2513540	Everything we observe in quantum labs scales perfectly from those four original seeds.
2513540	2523320	On one hand, four is an astonishingly small number of assumptions to generate the most successful, most heavily tested physical theory in human history.
2523560	2524440	It really is.
2524440	2528780	But, on the other hand, it proves that quantum mechanics isn't inevitable.
2529260	2531560	It's not the only way the universe could have been programmed.
2532180	2533560	It is a specific route.
2534040	2537820	We chose those four assumptions based on how we interact with the world.
2538080	2541880	Which sets us up perfectly for the massive plot twist in the final chapters.
2542000	2543140	Yes, the plot twist.
2543140	2553980	Just when the book has thoroughly convinced us that complex numbers are absolutely mandatory because they are the only field that passes the local tomography dimension counting test perfectly.
2554160	2555960	The author pulls the rug out from under us.
2556020	2557000	A total rug pull.
2557480	2564120	Because they cite groundbreaking new research published right around the same time in 2025 and 2026.
2564520	2565640	Let's talk about those papers.
2565880	2571100	There are papers by Haforman and Woods and another major paper by Barrios Hita and colleagues.
2571100	2575520	These papers attack the very foundation of the local tomography dimension counting.
2576040	2576060	Okay.
2576220	2579160	They target the mathematical grammar we use to count the parameters.
2579480	2581240	They target the Kronecker product.
2581560	2582500	The Kronecker product.
2582820	2583080	Okay.
2583260	2583760	Let me review.
2584380	2593460	When we were counting dimensions earlier, when we said four parameters times four parameters equals 16 for complex numbers, or three times three equals nine for real numbers,
2593700	2600200	we assumed a specific mathematical rule for how you multiply those matrices together to combine the systems.
2600200	2600620	Yes.
2600620	2602900	That rule is the Kronecker product.
2603240	2605180	We assumed it because it is standard.
2605420	2607660	It is the default grammar of quantum mechanics.
2607940	2609060	But it is an assumption.
2609380	2610500	It's a choice of representation.
2610940	2611220	Okay.
2611500	2616280	What these 2025 and 2026 papers show is that if you change the composition rule,
2617100	2620740	you change the mathematical grammar of how two systems combine on paper,
2621520	2624640	you can completely circumvent the failure of real numbers.
2624860	2626460	Let me make sure I'm wrapping my head around this.
2626540	2627740	You don't change the physics.
2627920	2629140	You don't change the particles.
2629140	2629460	No.
2629460	2633180	You just change the arithmetic rule for how you multiply the matrices on your chalkboard.
2633260	2633700	Exactly.
2633700	2638260	Specifically, they introduce a different tensor product, denoted with a little r,
2638260	2641260	that mathematically quotients out what's known as phase redistribution.
2642060	2643420	Let's break down phase redistribution.
2643820	2649960	In complex quantum mechanics, a global phase, a sort of overall mathematical shift in the wave,
2650100	2656600	can be arbitrarily assigned to particle A or particle B without changing any of the observable physics.
2656600	2657040	Right.
2657160	2657780	It's ambiguous.
2658060	2663640	The standard Kronecker product, when forced to use real numbers, gets horribly tangled up by this ambiguity.
2663980	2667200	It creates phantom mathematical dimensions to account for it,
2667240	2671040	which is exactly why we ended up with 10 dimensions instead of 9 earlier.
2671320	2674380	The grammar was creating dimensions that didn't physically exist.
2674380	2675980	It's like the new grammar fixes it.
2675980	2681920	If you quotient out that ambiguity mathematically, if you tell the math to ignore that phase shift,
2682120	2685680	you can reproduce all of quantum mechanics using only real numbers.
2685840	2686140	All of it.
2686400	2693120	Every single empirical prediction, every experiment, replicated perfectly without a single imaginary eye.
2693120	2697480	So wait, we can build the universe with real numbers after all.
2697640	2698280	We can.
2698740	2701540	If that's true, then why on earth do we use complex numbers?
2701980	2705360	Where does the imaginary eye come from if reality doesn't actually need it?
2705500	2707500	This is perhaps my favorite part of the entire text.
2707600	2709040	This is where we talk about the amplitwist.
2709340	2710460	The amplitwist.
2710900	2713160	That sounds like a 1960s dance move.
2713360	2718380	It does, but the author cites Tristan Needham's work on visual complex analysis.
2719260	2720760	What is a complex number, really?
2720760	2722900	We get so hung up on the word imaginary.
2723220	2724020	It sounds so mystical.
2724420	2727980	But multiplication by eye isn't some mystical ghostly process.
2728520	2731900	Geometrically, it is simply simultaneous scaling and rotation.
2732340	2733540	It is an amplitwist.
2733660	2734720	Scaling and rotation.
2735340	2736940	Stretching a vector and twisting it.
2737000	2738880	Think back to the invisible matrix J.
2739460	2745620	The quarter turn, 90 degree rotation matrix that was hiding inside the invisible real dimension J tensor J.
2745780	2747440	Yeah, the one that acts exactly like eye,
2747440	2751280	because rotating 90 degrees twice points you backward to negative one.
2751600	2753960	The text proves that J literally is eye.
2754280	2757860	They are identical geometric operations just written in different fonts.
2758080	2758300	Wow.
2758420	2760540	Complex numbers are not magical entities.
2760900	2766880	They are just a highly efficient compressed bookkeeping tool for real-world geometric twists and rotations in a plane.
2767080	2769960	Here is where it gets incredibly profound to me.
2769960	2774120	The author isn't invalidating their own earlier proofs.
2774220	2774920	No, not at all.
2775080	2778020	They prove that real numbers fail under the Kronecker representation.
2778720	2782980	But by showing that changing the grammar fixes the problem, they prove something deeper.
2783700	2787360	Complex numbers aren't a mystical requirement handed down by the universe.
2787500	2787940	Exactly.
2788100	2793680	They are just the most efficient human language for describing a universe that involves geometric twists.
2793680	2794440	Precisely.
2794840	2797200	The ambiguity isn't destroyed by the new math.
2797440	2798660	It's just reorganized.
2799080	2802840	The structure of reality is perfectly preserved, but our lens shifts.
2803080	2807660	Okay, so if real numbers can be salvaged with a twist, it makes me wonder about going up.
2807940	2809840	What about pushing to higher dimensions?
2809960	2810880	What about quaternions?
2810880	2818200	If real numbers are 1D lines and complex numbers are 2D planes, quaternions are 4D hypercomplex numbers.
2818320	2819180	4D numbers, okay.
2819240	2822680	They have three separate imaginary axes, I, J, and K.
2822900	2828700	It's entirely natural to wonder, if we can go from real to complex, do we need to go to quaternions?
2829160	2831080	Could the universe actually be quaternionic?
2831240	2834320	So we test quaternions using the same graph machinery from earlier.
2834560	2836620	We build Escher stairs out of quaternions.
2836620	2841680	We could, but the text notes a sudden, fascinating collapse in the math at higher dimensions.
2842340	2849300	Remember how real numbers safely handled a single matrix at D equals 2 and only failed when we built a triangle loop?
2849400	2851220	Yeah, the single coin flip was safe.
2851340	2856020	For any dimension 3 or higher, the minimal witness graph collapses to 0.
2856160	2857200	You don't even need a cycle.
2857460	2863340	A single isolated edge, a single measurement context is enough to separate real from complex.
2863340	2869920	Because of that Fourier transform matrix we talked about, the 3x3 Hadamard impossibility, it fails on a single edge.
2870020	2870340	Exactly.
2870620	2876060	So the graph cycle machinery isn't actually needed to break real numbers at higher dimensions.
2876280	2876500	Okay.
2876700	2881600	But it might be exactly what we need to break complex numbers and prove quaternions are necessary.
2881840	2884000	So the author asks a fundamental question.
2884760	2890640	Can quaternions mathematically support even more mutually unbiased bases than complex numbers?
2890640	2894760	We know complex numbers max out at D plus 1 mutually unbiased bases.
2895060	2897700	For a two-dimensional cribbit, you can have three MEB.
2897780	2898040	Nice.
2898280	2902200	For example, measuring spin along the x-axis, the y-axis, and the z-axis.
2902480	2906760	You can't fit a fourth mutually unbiased measurement into a 2D complex system.
2906940	2907300	Right.
2907760	2911420	But calculating this limit for quaternions is incredibly difficult.
2911780	2913460	The math is fraught with traps.
2913660	2914280	What kind of traps?
2914400	2917880	The author highlights two specific traps that usually ruin these calculations.
2917880	2920480	First, the phase freedom.
2920720	2920960	Okay.
2921260	2926300	In complex numbers, you can shift the phase of a quantum state in a 1D circle, mathematically
2926300	2927720	denoted as U1.
2927940	2930500	But in quaternions, the phase freedom isn't a circle.
2930840	2932840	It's a 3D sphere, SP1.
2932900	2934260	A 3D sphere of phase.
2934380	2937060	You can shift the phase in three different directions simultaneously.
2937440	2939080	That sounds like an accounting nightmare.
2939240	2939980	It is a total nightmare.
2940140	2941920	And the second trap is the trace.
2942060	2942500	The trace.
2942680	2945460	Like the sum of the numbers along the diagonal of a matrix.
2945460	2945860	Yes.
2946120	2952220	In complex matrices, the trace is cyclic, meaning the trace of matrix A times matrix B equals
2952220	2956380	the trace of B times A. It's a wonderful, reliable property.
2956480	2957640	I'm sensing a but here.
2957880	2959740	In quaternions, that is false.
2960320	2962140	Matrix trace is not cyclic.
2962600	2967480	If you blindly apply standard complex proofs to quaternions, your math will collapse.
2967820	2969940	So how does the author navigate this minefield?
2969940	2974080	By carefully using only the real part of the quaternionic trace.
2974780	2977920	It turns out the real part of the trace is cyclic.
2978040	2978560	Oh, that's clever.
2979260	2985240	By carefully navigating these traps and utilizing the real trace, the author derives a rigorous
2985240	2987620	quaternionic MUB bound.
2988560	2994220	Quaternions can mathematically support up to two pale plus one mutually unbiased bases.
2994460	2995600	Two can plus one.
2995800	2998300	That's almost double the capacity of complex numbers.
2998300	3000920	Think about the physical implications of that.
3001080	3004160	It's like finding a secret hidden floor in an apartment building.
3004460	3004820	Exactly.
3005040	3009280	You live in a complex number building and the landlord tells you there are D plus one apartments
3009280	3009880	per floor.
3010140	3011660	You look around, all the doors are full.
3011760	3013540	You think the building's at maximum capacity.
3013780	3013940	Right.
3014280	3019780	But then a quaternionic architect comes along, opens a hidden panel in the hallway, and manages
3019780	3023800	to pack in almost double the apartments on the exact same footprint.
3024200	3026100	It's a stunning mathematical construction.
3026100	3027640	It proves the space is there.
3028140	3031560	But the text offers a crucial grounding warning here.
3032120	3036580	Just because there's mathematical space for two can plus one bases doesn't mean they
3036580	3038180	actually exist physically.
3038660	3038760	Right.
3039320	3043260	Just because the architect drew the blueprints for the secret apartments doesn't mean anyone
3043260	3046840	can actually build them out of real bricks and mortar without the walls collapsing.
3046840	3052780	The author leaves the actual physical existence of these quaternionic structures as a tantalizing
3052780	3053580	open question.
3054060	3059080	It shows that the mathematical room exists in the universe's geometry, but physics has
3059080	3060960	not yet found a reason to move in.
3061300	3065340	This has been an absolutely wild, brain-bending journey.
3065500	3067280	It really covers a lot of ground.
3067280	3070920	We started with the simplest, most mundane thing imaginable.
3071200	3073220	Basic coin flips and probability shapes.
3073820	3078120	We learned that simply requiring a system to preserve information means you fundamentally
3078120	3079460	cannot decrease entropy.
3080260	3082500	The arrow of time emerges from geometry.
3082840	3087560	We saw how stitching those probabilities together blindly loses the crucial interference data,
3088060	3090260	demanding a coherent lift to amplitudes.
3090260	3095940	We discovered that trying to glue those coherent amplitudes into a closed triangle loop mathematically
3095940	3101440	breaks the real numbers, forcing an Escher-like paradox where an angle doesn't equal itself.
3101740	3107520	And then we unpacked the dimension counting argument and uncovered the invisible J tensor J parameter
3107520	3110320	that hides entirely between local measurements.
3110480	3116220	Which revealed that the very concept of quantum entanglement spooky action at a distance changes
3116220	3120080	entirely depending on whether you view the universe through real or complex numbers.
3120080	3120440	Right.
3120780	3124920	We counted the four exact pillars required to build the standard quantum universe.
3125560	3131660	Local tomography, pure states as completable frames, real number labels for our dials,
3131780	3134340	and smooth, continuous time evolution.
3134540	3138840	And finally we saw that even the complex numbers themselves, the imaginary eye that defines modern
3138840	3141180	physics, might just be an amplitwist.
3141540	3146840	A highly efficient grammatical shorthand for describing the geometry of twisting amplitudes
3146840	3149620	rather than an absolute mandate from the cosmos.
3149620	3150780	It's a lot to take in.
3150780	3155180	It all brings me right back to the RSVP codex we mentioned at the very beginning of this deep
3155180	3155520	dive.
3156040	3158740	That weird, almost poetic table of contents.
3159200	3160480	The commutator of meaning.
3161020	3162220	The grammar of persistence.
3162620	3166040	When we started an hour ago, that sounded like abstract, pretentious poetry.
3166420	3169140	But looking at it now, it feels intensely descriptive.
3169820	3172780	The grammar of persistence is exactly what we've been discussing.
3172780	3178060	The mathematical grammar we choose, whether it's the Kronecker product, the real numbers,
3178340	3183400	or the complex scalar field, is how we interface with the raw geometry of the universe.
3183620	3183840	Exactly.
3184040	3190240	It's how we map human observation, human limitations, and human care onto the cold,
3190620	3192400	hard transitions of reality.
3192400	3195960	Which leaves us with a deeply provocative thought to mull over for you listening.
3196920	3201960	If entanglement is relative to the math we use, if complex numbers are just a convenient
3201960	3208040	bookkeeping shorthand for real 2D rotations and twists, is the quantum weirdness we've
3208040	3212060	spent a century obsessing over actually a fundamental property of the universe?
3212280	3215460	Or is it just an artifact of the mathematical lens we chose to look through?
3215460	3221120	If you look at an x-ray and you see a strange, glowing, tangled artifact in the corner, you
3221120	3222900	have to ask yourself a very serious question.
3223820	3228680	Is there a glowing mass inside the patient, or is there just a smudge on the lens of the
3228680	3229020	machine?
3229260	3231040	It's a terrifying and thrilling question.
3231380	3236700	What else in our reality, what else that we consider an absolute, fundamental truth of
3236700	3240320	physics, is actually just a shadow cast by our own notation?
3241020	3244920	That's something to think about the next time you look at a supposedly clean, clear picture
3244920	3245380	of the world.
3245460	3246140	Thank you.
3246140	3246260	Thank you.
3246260	3246460	Thank you.
